system:index,classification,.geo
1,3,"{""type"":""Point"",""coordinates"":[77.59754389212503,13.177882286562138]}"
2,3,"{""type"":""Point"",""coordinates"":[77.71425576986499,13.158749070012824]}"
5,3,"{""type"":""Point"",""coordinates"":[77.77791579738097,12.844170896282147]}"
7,3,"{""type"":""Point"",""coordinates"":[77.55512840016347,13.149457620279492]}"
8,3,"{""type"":""Point"",""coordinates"":[77.4165729186897,12.906169288578132]}"
12,3,"{""type"":""Point"",""coordinates"":[77.68734270586114,12.793386317929617]}"
13,3,"{""type"":""Point"",""coordinates"":[77.57465686542466,12.799375680432489]}"
16,3,"{""type"":""Point"",""coordinates"":[77.62626927838961,12.74111653460944]}"
18,3,"{""type"":""Point"",""coordinates"":[77.63210072910653,12.706702454387994]}"
21,3,"{""type"":""Point"",""coordinates"":[77.54580703638123,13.121076557323825]}"
23,3,"{""type"":""Point"",""coordinates"":[77.64529890754115,12.757048414649985]}"
24,3,"{""type"":""Point"",""coordinates"":[77.57911838177267,13.157418052099523]}"
26,3,"{""type"":""Point"",""coordinates"":[77.69687005716898,13.040435406888767]}"
27,3,"{""type"":""Point"",""coordinates"":[77.46426412941949,13.166132871562631]}"
28,3,"{""type"":""Point"",""coordinates"":[77.54343308229163,12.848353362035448]}"
38,3,"{""type"":""Point"",""coordinates"":[77.69403344486412,13.146964808636044]}"
39,3,"{""type"":""Point"",""coordinates"":[77.4768107287146,12.956852651052758]}"
40,3,"{""type"":""Point"",""coordinates"":[77.45086261521122,13.13651415344769]}"
42,3,"{""type"":""Point"",""coordinates"":[77.44081509603211,12.828717351835627]}"
43,3,"{""type"":""Point"",""coordinates"":[77.71692684452314,13.164274846169668]}"
44,3,"{""type"":""Point"",""coordinates"":[77.59576697886146,13.166748251802254]}"
45,3,"{""type"":""Point"",""coordinates"":[77.75304527042566,12.702810853970512]}"
46,3,"{""type"":""Point"",""coordinates"":[77.76857786587541,12.79116732876803]}"
53,3,"{""type"":""Point"",""coordinates"":[77.4340009293936,13.039100437844299]}"
54,3,"{""type"":""Point"",""coordinates"":[77.51681832030481,13.098155494594026]}"
56,3,"{""type"":""Point"",""coordinates"":[77.4754596605882,13.114062127708607]}"
57,3,"{""type"":""Point"",""coordinates"":[77.6983069919825,13.123485218183689]}"
60,3,"{""type"":""Point"",""coordinates"":[77.51467693625645,12.740216426055339]}"
63,3,"{""type"":""Point"",""coordinates"":[77.57312641036309,13.175813486270485]}"
69,3,"{""type"":""Point"",""coordinates"":[77.52162014410844,12.836067695911662]}"
71,3,"{""type"":""Point"",""coordinates"":[77.44834897605013,12.97280024617989]}"
73,3,"{""type"":""Point"",""coordinates"":[77.67066541097074,12.715754701593003]}"
74,3,"{""type"":""Point"",""coordinates"":[77.6686162712471,12.73313992593787]}"
75,3,"{""type"":""Point"",""coordinates"":[77.71564070190328,12.934760766818062]}"
77,3,"{""type"":""Point"",""coordinates"":[77.3740492493361,12.983290831532747]}"
78,3,"{""type"":""Point"",""coordinates"":[77.4685138527923,12.75985193407175]}"
80,3,"{""type"":""Point"",""coordinates"":[77.75254339141514,13.017528984976611]}"
81,3,"{""type"":""Point"",""coordinates"":[77.75328953555255,12.796505394365196]}"
84,3,"{""type"":""Point"",""coordinates"":[77.38731396774759,13.052051576513882]}"
86,3,"{""type"":""Point"",""coordinates"":[77.41402655029528,12.875781693144475]}"
87,3,"{""type"":""Point"",""coordinates"":[77.59622365336496,13.077376678491246]}"
88,3,"{""type"":""Point"",""coordinates"":[77.42488170537203,13.062985285460593]}"
93,3,"{""type"":""Point"",""coordinates"":[77.65380482778423,13.1482469104633]}"
95,3,"{""type"":""Point"",""coordinates"":[77.75650629397849,12.750249436622498]}"
96,3,"{""type"":""Point"",""coordinates"":[77.59474115827702,13.081182618036955]}"
97,3,"{""type"":""Point"",""coordinates"":[77.52802812640034,13.176517433655938]}"
99,3,"{""type"":""Point"",""coordinates"":[77.65998884221887,12.770816832984819]}"
106,3,"{""type"":""Point"",""coordinates"":[77.41119164971097,12.943033281802096]}"
108,3,"{""type"":""Point"",""coordinates"":[77.36402932420583,12.956945159340059]}"
110,3,"{""type"":""Point"",""coordinates"":[77.67972176244659,12.779317224954198]}"
115,3,"{""type"":""Point"",""coordinates"":[77.70183653955718,12.668387719481968]}"
116,3,"{""type"":""Point"",""coordinates"":[77.62316229273932,12.836018717441695]}"
127,3,"{""type"":""Point"",""coordinates"":[77.5860309977468,12.881596758295563]}"
128,3,"{""type"":""Point"",""coordinates"":[77.45277163598004,12.9868234462297]}"
131,3,"{""type"":""Point"",""coordinates"":[77.3782885136379,12.956959860627933]}"
135,3,"{""type"":""Point"",""coordinates"":[77.64328513057451,13.150846330807262]}"
136,3,"{""type"":""Point"",""coordinates"":[77.77436525126414,12.748976107544225]}"
137,3,"{""type"":""Point"",""coordinates"":[77.40611902035823,13.02381544892882]}"
142,3,"{""type"":""Point"",""coordinates"":[77.43108804124607,12.839210691537088]}"
144,3,"{""type"":""Point"",""coordinates"":[77.50895070645888,12.803853521342422]}"
145,3,"{""type"":""Point"",""coordinates"":[77.46773090657027,12.823656704316187]}"
146,3,"{""type"":""Point"",""coordinates"":[77.64636152386622,13.069334338902776]}"
149,3,"{""type"":""Point"",""coordinates"":[77.80212249947901,12.908123852952794]}"
151,3,"{""type"":""Point"",""coordinates"":[77.51349998194195,12.873288688897821]}"
152,3,"{""type"":""Point"",""coordinates"":[77.49900231636938,12.805597647266179]}"
155,3,"{""type"":""Point"",""coordinates"":[77.59454827248426,12.736771236455603]}"
158,3,"{""type"":""Point"",""coordinates"":[77.54202211549696,13.099965248860373]}"
161,3,"{""type"":""Point"",""coordinates"":[77.59891537102627,13.044742671457044]}"
167,3,"{""type"":""Point"",""coordinates"":[77.74119936734836,12.806743855569337]}"
168,3,"{""type"":""Point"",""coordinates"":[77.7457783619653,12.70592456926547]}"
170,3,"{""type"":""Point"",""coordinates"":[77.65978652428589,12.698926037256062]}"
174,3,"{""type"":""Point"",""coordinates"":[77.49467737498733,13.105233590654155]}"
176,3,"{""type"":""Point"",""coordinates"":[77.74798179765678,13.081067810614574]}"
187,3,"{""type"":""Point"",""coordinates"":[77.42848502239961,12.89900968412907]}"
188,3,"{""type"":""Point"",""coordinates"":[77.805669770389,12.854279834444291]}"
189,3,"{""type"":""Point"",""coordinates"":[77.55843257047103,12.801759180933798]}"
190,3,"{""type"":""Point"",""coordinates"":[77.43444912225888,12.835711218537739]}"
196,3,"{""type"":""Point"",""coordinates"":[77.75031960252913,12.90512255751688]}"
197,3,"{""type"":""Point"",""coordinates"":[77.77095984111945,12.742594119122558]}"
199,3,"{""type"":""Point"",""coordinates"":[77.7080655445244,12.84926903644203]}"
202,3,"{""type"":""Point"",""coordinates"":[77.47324669028218,12.863684620741244]}"
203,3,"{""type"":""Point"",""coordinates"":[77.58483898406509,12.735956515721027]}"
204,3,"{""type"":""Point"",""coordinates"":[77.3766962550778,12.914692209241615]}"
205,3,"{""type"":""Point"",""coordinates"":[77.49312445234435,12.987126331284932]}"
207,3,"{""type"":""Point"",""coordinates"":[77.37286302239964,12.952194436620287]}"
208,3,"{""type"":""Point"",""coordinates"":[77.72909863859637,12.684671861806443]}"
210,3,"{""type"":""Point"",""coordinates"":[77.4785186871963,13.197313074003697]}"
211,3,"{""type"":""Point"",""coordinates"":[77.71301577086827,13.028533977907715]}"
213,3,"{""type"":""Point"",""coordinates"":[77.76221965713356,12.713711102467586]}"
214,3,"{""type"":""Point"",""coordinates"":[77.53183352704623,13.083248453305771]}"
215,3,"{""type"":""Point"",""coordinates"":[77.33922714935461,12.947385803412452]}"
219,3,"{""type"":""Point"",""coordinates"":[77.60652485281261,12.680824429362879]}"
220,3,"{""type"":""Point"",""coordinates"":[77.5080730620262,12.775828722370253]}"
222,3,"{""type"":""Point"",""coordinates"":[77.64795434016642,12.94360752609538]}"
230,3,"{""type"":""Point"",""coordinates"":[77.6752232784079,13.177990197061408]}"
232,3,"{""type"":""Point"",""coordinates"":[77.41413779223461,12.940235166339614]}"
237,3,"{""type"":""Point"",""coordinates"":[77.42262888144951,12.88983672848321]}"
238,3,"{""type"":""Point"",""coordinates"":[77.45749382545627,12.885035319867656]}"
239,3,"{""type"":""Point"",""coordinates"":[77.79119539655133,12.820289846634628]}"
244,3,"{""type"":""Point"",""coordinates"":[77.7356902250961,12.80059248334728]}"
248,3,"{""type"":""Point"",""coordinates"":[77.4843620718483,13.214197382129854]}"
250,3,"{""type"":""Point"",""coordinates"":[77.54467616335543,12.808001331552607]}"
255,3,"{""type"":""Point"",""coordinates"":[77.50249688384477,12.860716771713998]}"
261,3,"{""type"":""Point"",""coordinates"":[77.43174266577928,13.128800131783741]}"
264,3,"{""type"":""Point"",""coordinates"":[77.53247318905115,13.135045825074895]}"
266,3,"{""type"":""Point"",""coordinates"":[77.41893103893584,13.028246139509994]}"
268,3,"{""type"":""Point"",""coordinates"":[77.5710874935955,12.822012609743695]}"
270,3,"{""type"":""Point"",""coordinates"":[77.72468313804954,12.695929981109016]}"
272,3,"{""type"":""Point"",""coordinates"":[77.40642978692455,13.053720612458664]}"
276,3,"{""type"":""Point"",""coordinates"":[77.61270047849139,13.133801364460064]}"
277,3,"{""type"":""Point"",""coordinates"":[77.53693228338275,12.830819219966653]}"
281,3,"{""type"":""Point"",""coordinates"":[77.44414776732502,12.902543664611873]}"
283,3,"{""type"":""Point"",""coordinates"":[77.4860878037377,12.881630962699116]}"
285,3,"{""type"":""Point"",""coordinates"":[77.75370489585032,13.080010678710853]}"
287,3,"{""type"":""Point"",""coordinates"":[77.63063071378747,13.004431042440183]}"
288,3,"{""type"":""Point"",""coordinates"":[77.32474214673532,12.966151776427612]}"
290,3,"{""type"":""Point"",""coordinates"":[77.52937279661381,12.842646355798374]}"
292,3,"{""type"":""Point"",""coordinates"":[77.45522140332274,13.017261668251113]}"
295,3,"{""type"":""Point"",""coordinates"":[77.48071375459546,12.959892509653816]}"
299,3,"{""type"":""Point"",""coordinates"":[77.66891361185833,12.695045947023516]}"
302,3,"{""type"":""Point"",""coordinates"":[77.7076677996028,13.130711909533272]}"
303,3,"{""type"":""Point"",""coordinates"":[77.73210702255253,12.689306375016995]}"
307,3,"{""type"":""Point"",""coordinates"":[77.61247603928527,13.167527366592424]}"
309,3,"{""type"":""Point"",""coordinates"":[77.77488771694024,12.74216060018024]}"
313,3,"{""type"":""Point"",""coordinates"":[77.62143670669757,12.750269014502427]}"
315,3,"{""type"":""Point"",""coordinates"":[77.43702812283979,12.939443113023815]}"
317,3,"{""type"":""Point"",""coordinates"":[77.65687318133615,13.117881089157528]}"
318,3,"{""type"":""Point"",""coordinates"":[77.73858173351505,12.731490145736192]}"
321,3,"{""type"":""Point"",""coordinates"":[77.64536592948707,13.125675734078445]}"
325,3,"{""type"":""Point"",""coordinates"":[77.66525044100476,13.161596125946147]}"
327,3,"{""type"":""Point"",""coordinates"":[77.43585853243252,13.003819096414622]}"
328,3,"{""type"":""Point"",""coordinates"":[77.4386163997203,12.954330941349983]}"
330,3,"{""type"":""Point"",""coordinates"":[77.40884474421786,12.966830645725693]}"
333,3,"{""type"":""Point"",""coordinates"":[77.52402444285484,13.17530071530396]}"
336,3,"{""type"":""Point"",""coordinates"":[77.44683941866876,13.017799643400616]}"
339,3,"{""type"":""Point"",""coordinates"":[77.768117207474,12.758330676625635]}"
340,3,"{""type"":""Point"",""coordinates"":[77.4648560034506,12.952677210439955]}"
343,3,"{""type"":""Point"",""coordinates"":[77.49549183296885,12.901615736035266]}"
345,3,"{""type"":""Point"",""coordinates"":[77.33351009518289,12.936670825475883]}"
350,3,"{""type"":""Point"",""coordinates"":[77.51896791643325,13.193509448931584]}"
352,3,"{""type"":""Point"",""coordinates"":[77.48083561832335,13.172385726233324]}"
354,3,"{""type"":""Point"",""coordinates"":[77.77769673277518,12.839610760690439]}"
360,3,"{""type"":""Point"",""coordinates"":[77.58583501223134,13.143415717662059]}"
361,3,"{""type"":""Point"",""coordinates"":[77.60900365662273,13.114800167672266]}"
366,3,"{""type"":""Point"",""coordinates"":[77.36983026136886,12.882328124129835]}"
367,3,"{""type"":""Point"",""coordinates"":[77.54743387771941,12.825851022168342]}"
368,3,"{""type"":""Point"",""coordinates"":[77.38976836699919,12.903872229203534]}"
371,3,"{""type"":""Point"",""coordinates"":[77.5191521813023,13.104610625034713]}"
372,3,"{""type"":""Point"",""coordinates"":[77.65302452614557,12.858597880276161]}"
375,3,"{""type"":""Point"",""coordinates"":[77.55618333901717,13.183129293957979]}"
376,3,"{""type"":""Point"",""coordinates"":[77.62470172679791,12.852520513953335]}"
393,3,"{""type"":""Point"",""coordinates"":[77.58145404905262,13.026553746729638]}"
397,3,"{""type"":""Point"",""coordinates"":[77.61610891730274,12.78216361779168]}"
398,3,"{""type"":""Point"",""coordinates"":[77.7260314347769,13.12696834113522]}"
400,3,"{""type"":""Point"",""coordinates"":[77.7563654863631,12.736216602431645]}"
401,3,"{""type"":""Point"",""coordinates"":[77.48554665715093,13.093476524620488]}"
403,3,"{""type"":""Point"",""coordinates"":[77.72798840064237,13.000844421860672]}"
407,3,"{""type"":""Point"",""coordinates"":[77.72850907391613,12.762267782398634]}"
408,3,"{""type"":""Point"",""coordinates"":[77.69993513333833,13.034845414798752]}"
411,3,"{""type"":""Point"",""coordinates"":[77.75932589620987,12.771081153308392]}"
412,3,"{""type"":""Point"",""coordinates"":[77.38795191803112,12.90835224686431]}"
413,3,"{""type"":""Point"",""coordinates"":[77.66836991725492,12.90679390048628]}"
420,3,"{""type"":""Point"",""coordinates"":[77.6786617700374,13.179508548692004]}"
424,3,"{""type"":""Point"",""coordinates"":[77.52123273483384,13.156626499364933]}"
425,3,"{""type"":""Point"",""coordinates"":[77.74799946443767,12.909684045754666]}"
431,3,"{""type"":""Point"",""coordinates"":[77.70166975435288,13.170260270049669]}"
435,3,"{""type"":""Point"",""coordinates"":[77.54419260371988,13.146089462988957]}"
438,3,"{""type"":""Point"",""coordinates"":[77.38164126022853,13.009104919947534]}"
440,3,"{""type"":""Point"",""coordinates"":[77.53485887065744,12.746617021324475]}"
447,3,"{""type"":""Point"",""coordinates"":[77.69636974395203,12.718521278161544]}"
454,3,"{""type"":""Point"",""coordinates"":[77.47135933690554,12.81054416650618]}"
455,3,"{""type"":""Point"",""coordinates"":[77.52325572881702,12.814362184645018]}"
460,3,"{""type"":""Point"",""coordinates"":[77.51046767272575,12.830958201386101]}"
464,3,"{""type"":""Point"",""coordinates"":[77.63133563595689,12.778548667253382]}"
466,3,"{""type"":""Point"",""coordinates"":[77.65124938922403,12.888140925341908]}"
467,3,"{""type"":""Point"",""coordinates"":[77.73330608488246,12.770662021353788]}"
468,3,"{""type"":""Point"",""coordinates"":[77.42018332747132,12.86856447375793]}"
470,3,"{""type"":""Point"",""coordinates"":[77.37233458608148,12.892549159804677]}"
474,3,"{""type"":""Point"",""coordinates"":[77.55731817429607,12.827739635158752]}"
475,3,"{""type"":""Point"",""coordinates"":[77.63011348386094,12.733086047244516]}"
476,3,"{""type"":""Point"",""coordinates"":[77.56898728698397,12.795842115612885]}"
478,3,"{""type"":""Point"",""coordinates"":[77.52670361258784,13.14308741232611]}"
488,3,"{""type"":""Point"",""coordinates"":[77.5656856881194,12.71161762001401]}"
491,3,"{""type"":""Point"",""coordinates"":[77.60015748825842,12.716250167421148]}"
492,3,"{""type"":""Point"",""coordinates"":[77.59838799667992,13.115746420321644]}"
494,3,"{""type"":""Point"",""coordinates"":[77.42328007222325,12.959759142348831]}"
496,3,"{""type"":""Point"",""coordinates"":[77.74298977821913,12.702052117382312]}"
501,3,"{""type"":""Point"",""coordinates"":[77.64151428869995,13.16660118366906]}"
502,3,"{""type"":""Point"",""coordinates"":[77.63046545529727,13.146341114627006]}"
508,3,"{""type"":""Point"",""coordinates"":[77.79360549887858,12.908390193777867]}"
509,3,"{""type"":""Point"",""coordinates"":[77.50872534779113,12.772940721518625]}"
513,3,"{""type"":""Point"",""coordinates"":[77.47881377641379,12.836068273355446]}"
514,3,"{""type"":""Point"",""coordinates"":[77.32261101557414,12.961737453690985]}"
516,3,"{""type"":""Point"",""coordinates"":[77.66560709791203,13.068004091668934]}"
519,3,"{""type"":""Point"",""coordinates"":[77.50494538673325,13.157848547091106]}"
520,3,"{""type"":""Point"",""coordinates"":[77.64910982997198,12.715448407094877]}"
523,3,"{""type"":""Point"",""coordinates"":[77.4022902875806,12.946471106214638]}"
527,3,"{""type"":""Point"",""coordinates"":[77.60823844892519,13.101086284138482]}"
531,3,"{""type"":""Point"",""coordinates"":[77.37326437914778,13.01275004710673]}"
532,3,"{""type"":""Point"",""coordinates"":[77.58525242930027,13.01346376490975]}"
534,3,"{""type"":""Point"",""coordinates"":[77.79174485256563,12.789416782799798]}"
538,3,"{""type"":""Point"",""coordinates"":[77.63320207402751,12.940943269315254]}"
542,3,"{""type"":""Point"",""coordinates"":[77.61064435651912,13.192517846372407]}"
544,3,"{""type"":""Point"",""coordinates"":[77.47149458528727,12.809014392959078]}"
547,3,"{""type"":""Point"",""coordinates"":[77.50617796406604,12.767675635252456]}"
550,3,"{""type"":""Point"",""coordinates"":[77.3707735124249,12.878812552943083]}"
552,3,"{""type"":""Point"",""coordinates"":[77.71671150534127,12.8742774257738]}"
553,3,"{""type"":""Point"",""coordinates"":[77.58070210082695,12.720727433476384]}"
555,3,"{""type"":""Point"",""coordinates"":[77.6412116516222,12.79631114107539]}"
557,3,"{""type"":""Point"",""coordinates"":[77.45579144339534,13.083467407548971]}"
558,3,"{""type"":""Point"",""coordinates"":[77.67298888816106,12.87860446436698]}"
563,3,"{""type"":""Point"",""coordinates"":[77.53283231667113,13.102521290368616]}"
564,3,"{""type"":""Point"",""coordinates"":[77.53769186384764,13.18771128888356]}"
565,3,"{""type"":""Point"",""coordinates"":[77.46405683066175,12.965551289103999]}"
570,3,"{""type"":""Point"",""coordinates"":[77.36446567374031,12.922985263647695]}"
571,3,"{""type"":""Point"",""coordinates"":[77.43929569787824,12.939206686404424]}"
572,3,"{""type"":""Point"",""coordinates"":[77.55051023992284,12.822316841390407]}"
574,3,"{""type"":""Point"",""coordinates"":[77.78554117216804,12.784443961989611]}"
576,3,"{""type"":""Point"",""coordinates"":[77.60402726747937,12.704344119513674]}"
579,3,"{""type"":""Point"",""coordinates"":[77.49619763359806,12.822598895469799]}"
582,3,"{""type"":""Point"",""coordinates"":[77.62712196783365,12.864040467982448]}"
586,3,"{""type"":""Point"",""coordinates"":[77.57684253392651,13.07334162568733]}"
587,3,"{""type"":""Point"",""coordinates"":[77.36403480214074,12.886857198341154]}"
598,3,"{""type"":""Point"",""coordinates"":[77.476586035554,13.031556296929088]}"
600,3,"{""type"":""Point"",""coordinates"":[77.79304099697545,12.848322466925728]}"
605,3,"{""type"":""Point"",""coordinates"":[77.73135267283287,13.081965507632585]}"
606,3,"{""type"":""Point"",""coordinates"":[77.42161252156919,12.921771569248158]}"
607,3,"{""type"":""Point"",""coordinates"":[77.40579506725287,12.955116892874083]}"
613,3,"{""type"":""Point"",""coordinates"":[77.40567685276146,13.022558255096099]}"
614,3,"{""type"":""Point"",""coordinates"":[77.62364674561982,12.87603228258308]}"
625,3,"{""type"":""Point"",""coordinates"":[77.7457251700855,13.081197589828967]}"
630,3,"{""type"":""Point"",""coordinates"":[77.37381900867382,13.018632373573185]}"
631,3,"{""type"":""Point"",""coordinates"":[77.34598820651959,12.867436956369643]}"
638,3,"{""type"":""Point"",""coordinates"":[77.77019353145207,12.787407549303806]}"
639,3,"{""type"":""Point"",""coordinates"":[77.62712145710357,12.748459428044328]}"
640,3,"{""type"":""Point"",""coordinates"":[77.52314562829822,12.981422444142453]}"
643,3,"{""type"":""Point"",""coordinates"":[77.54428911119228,13.174226725366365]}"
644,3,"{""type"":""Point"",""coordinates"":[77.59009048238995,12.715540447576961]}"
645,3,"{""type"":""Point"",""coordinates"":[77.41379206691231,12.93806553072717]}"
648,3,"{""type"":""Point"",""coordinates"":[77.4411251492511,12.838407102320794]}"
650,3,"{""type"":""Point"",""coordinates"":[77.63197988790442,12.717562613587246]}"
651,3,"{""type"":""Point"",""coordinates"":[77.69044905376082,13.12780101666237]}"
654,3,"{""type"":""Point"",""coordinates"":[77.51618262788801,13.098179728143851]}"
656,3,"{""type"":""Point"",""coordinates"":[77.49849071003393,13.101201474006306]}"
658,3,"{""type"":""Point"",""coordinates"":[77.50758704036035,12.797573204182495]}"
660,3,"{""type"":""Point"",""coordinates"":[77.33589888642939,12.918740954693622]}"
662,3,"{""type"":""Point"",""coordinates"":[77.619182899811,12.760831484687815]}"
664,3,"{""type"":""Point"",""coordinates"":[77.40172134713745,13.033316882403756]}"
666,3,"{""type"":""Point"",""coordinates"":[77.7609285369981,12.759766640471126]}"
670,3,"{""type"":""Point"",""coordinates"":[77.37602059277904,12.975532534949489]}"
673,3,"{""type"":""Point"",""coordinates"":[77.59863601267105,12.754247325344487]}"
674,3,"{""type"":""Point"",""coordinates"":[77.65282604134703,12.72538816027574]}"
678,3,"{""type"":""Point"",""coordinates"":[77.73622751361614,13.09702894653341]}"
679,3,"{""type"":""Point"",""coordinates"":[77.65776025170508,13.081914693419366]}"
682,3,"{""type"":""Point"",""coordinates"":[77.6930028066735,12.70576891851384]}"
683,3,"{""type"":""Point"",""coordinates"":[77.62748019626912,12.765642688406425]}"
684,3,"{""type"":""Point"",""coordinates"":[77.40232013291809,13.021338638864183]}"
688,3,"{""type"":""Point"",""coordinates"":[77.65890564761528,13.1238522625443]}"
691,3,"{""type"":""Point"",""coordinates"":[77.53130544157331,13.177593228019093]}"
694,3,"{""type"":""Point"",""coordinates"":[77.36752845075597,12.909655647991052]}"
695,3,"{""type"":""Point"",""coordinates"":[77.65380479960005,12.68754826980491]}"
700,3,"{""type"":""Point"",""coordinates"":[77.42388896671585,13.097157920257391]}"
701,3,"{""type"":""Point"",""coordinates"":[77.76056288734186,12.80451766044919]}"
703,3,"{""type"":""Point"",""coordinates"":[77.44697032176984,13.105472904012627]}"
710,3,"{""type"":""Point"",""coordinates"":[77.45561115901286,12.883942072299766]}"
713,3,"{""type"":""Point"",""coordinates"":[77.51843270526723,12.836470265668282]}"
717,3,"{""type"":""Point"",""coordinates"":[77.7498139926214,12.91546868930488]}"
719,3,"{""type"":""Point"",""coordinates"":[77.43051053258476,13.004924176746664]}"
732,3,"{""type"":""Point"",""coordinates"":[77.66395769134536,12.860023533176172]}"
734,3,"{""type"":""Point"",""coordinates"":[77.63969556339384,12.787741328499644]}"
735,3,"{""type"":""Point"",""coordinates"":[77.4861720362229,12.830704968883039]}"
736,3,"{""type"":""Point"",""coordinates"":[77.44032075404137,12.849261018309347]}"
743,3,"{""type"":""Point"",""coordinates"":[77.45814491222974,12.96329996283513]}"
744,3,"{""type"":""Point"",""coordinates"":[77.70171019220999,13.140955494837044]}"
750,3,"{""type"":""Point"",""coordinates"":[77.37189443460802,12.899517797953479]}"
751,3,"{""type"":""Point"",""coordinates"":[77.66884268642747,13.120904066050269]}"
752,3,"{""type"":""Point"",""coordinates"":[77.76863919819809,12.786360013472768]}"
754,3,"{""type"":""Point"",""coordinates"":[77.66709823843304,12.753408651413924]}"
758,3,"{""type"":""Point"",""coordinates"":[77.59664874164821,13.176928779554817]}"
760,3,"{""type"":""Point"",""coordinates"":[77.69887035430953,12.974038640222291]}"
762,3,"{""type"":""Point"",""coordinates"":[77.70959431912009,13.137189309184059]}"
767,3,"{""type"":""Point"",""coordinates"":[77.4839595195587,12.83639673262499]}"
768,3,"{""type"":""Point"",""coordinates"":[77.63895932915142,12.992828746920477]}"
770,3,"{""type"":""Point"",""coordinates"":[77.62131112948133,12.86302862602584]}"
775,3,"{""type"":""Point"",""coordinates"":[77.48096048810815,12.760057194159696]}"
777,3,"{""type"":""Point"",""coordinates"":[77.71961241502726,13.090909758636927]}"
779,3,"{""type"":""Point"",""coordinates"":[77.69785247498103,12.88257790078815]}"
780,3,"{""type"":""Point"",""coordinates"":[77.54256245450546,13.135669992117535]}"
781,3,"{""type"":""Point"",""coordinates"":[77.73024183647436,12.793163764119537]}"
782,3,"{""type"":""Point"",""coordinates"":[77.68951855193994,12.761317003188028]}"
785,3,"{""type"":""Point"",""coordinates"":[77.46065491161613,13.041167624262975]}"
787,3,"{""type"":""Point"",""coordinates"":[77.73720883576364,12.763746771213981]}"
792,3,"{""type"":""Point"",""coordinates"":[77.6205957012569,12.825569142337145]}"
794,3,"{""type"":""Point"",""coordinates"":[77.65357679593276,13.117911924364067]}"
795,3,"{""type"":""Point"",""coordinates"":[77.68095370598688,12.868514237140323]}"
805,3,"{""type"":""Point"",""coordinates"":[77.413967489504,13.03706783294974]}"
809,3,"{""type"":""Point"",""coordinates"":[77.67101492956394,12.79591726094118]}"
813,3,"{""type"":""Point"",""coordinates"":[77.77594085385678,12.734958059745393]}"
814,3,"{""type"":""Point"",""coordinates"":[77.47030836975239,12.840543186245116]}"
815,3,"{""type"":""Point"",""coordinates"":[77.55929472501074,12.706178315476528]}"
819,3,"{""type"":""Point"",""coordinates"":[77.52050460593475,12.766383352977456]}"
822,3,"{""type"":""Point"",""coordinates"":[77.4871814182073,12.829336149249633]}"
825,3,"{""type"":""Point"",""coordinates"":[77.36865376899964,12.865930384790143]}"
826,3,"{""type"":""Point"",""coordinates"":[77.6911588669673,13.081835269608442]}"
827,3,"{""type"":""Point"",""coordinates"":[77.5698964464458,12.807155727761582]}"
831,3,"{""type"":""Point"",""coordinates"":[77.55092340477462,12.825663401149999]}"
833,3,"{""type"":""Point"",""coordinates"":[77.6321167910878,12.728161790798667]}"
840,3,"{""type"":""Point"",""coordinates"":[77.82371876630557,12.857622891687376]}"
841,3,"{""type"":""Point"",""coordinates"":[77.57586821768905,12.72197767617036]}"
845,3,"{""type"":""Point"",""coordinates"":[77.74622650398503,12.72600323895848]}"
846,3,"{""type"":""Point"",""coordinates"":[77.6157568316399,13.087784944876496]}"
848,3,"{""type"":""Point"",""coordinates"":[77.74133264915699,13.064529258036272]}"
849,3,"{""type"":""Point"",""coordinates"":[77.71761653235514,12.745172657534292]}"
851,3,"{""type"":""Point"",""coordinates"":[77.75474760452455,12.733907574589692]}"
859,3,"{""type"":""Point"",""coordinates"":[77.42599219152228,12.843795317882787]}"
860,3,"{""type"":""Point"",""coordinates"":[77.47273269544375,13.147406882473836]}"
861,3,"{""type"":""Point"",""coordinates"":[77.73410647514997,12.7822274297559]}"
862,3,"{""type"":""Point"",""coordinates"":[77.51507889142718,12.727110805866293]}"
863,3,"{""type"":""Point"",""coordinates"":[77.52995100481932,12.868763375399979]}"
864,3,"{""type"":""Point"",""coordinates"":[77.34491240210303,12.879283743191763]}"
867,3,"{""type"":""Point"",""coordinates"":[77.70160331744,13.057738385708706]}"
868,3,"{""type"":""Point"",""coordinates"":[77.62655145519048,13.016415047695098]}"
869,3,"{""type"":""Point"",""coordinates"":[77.53181871705338,12.880775965150237]}"
876,3,"{""type"":""Point"",""coordinates"":[77.3868194877953,13.052798307208871]}"
879,3,"{""type"":""Point"",""coordinates"":[77.70936679573285,12.768954499097523]}"
880,3,"{""type"":""Point"",""coordinates"":[77.45086179420474,12.948227870238622]}"
881,3,"{""type"":""Point"",""coordinates"":[77.68774384916662,12.73443722002708]}"
887,3,"{""type"":""Point"",""coordinates"":[77.75720307914098,12.738725419713884]}"
891,3,"{""type"":""Point"",""coordinates"":[77.48491050379441,12.840587735396358]}"
894,3,"{""type"":""Point"",""coordinates"":[77.71217961675164,12.932777689035051]}"
895,3,"{""type"":""Point"",""coordinates"":[77.44068369851865,12.849831114201644]}"
897,3,"{""type"":""Point"",""coordinates"":[77.35924748878433,12.948519652420769]}"
898,3,"{""type"":""Point"",""coordinates"":[77.44987882622183,13.146402205513722]}"
903,3,"{""type"":""Point"",""coordinates"":[77.43151174288415,12.85238804603251]}"
904,3,"{""type"":""Point"",""coordinates"":[77.75074281912084,12.710368981370378]}"
909,3,"{""type"":""Point"",""coordinates"":[77.68345196546021,12.741197985527053]}"
916,3,"{""type"":""Point"",""coordinates"":[77.73795309738352,12.797935229289326]}"
920,3,"{""type"":""Point"",""coordinates"":[77.66319952568833,12.712652015932324]}"
921,3,"{""type"":""Point"",""coordinates"":[77.37576163629778,12.914655622901648]}"
924,3,"{""type"":""Point"",""coordinates"":[77.73020475885627,12.83757903881622]}"
926,3,"{""type"":""Point"",""coordinates"":[77.62649429796134,12.95286717909918]}"
930,3,"{""type"":""Point"",""coordinates"":[77.74630208107291,12.888095564114943]}"
931,3,"{""type"":""Point"",""coordinates"":[77.39832962522352,13.042926872972359]}"
935,3,"{""type"":""Point"",""coordinates"":[77.5106899057073,13.10127584044675]}"
938,3,"{""type"":""Point"",""coordinates"":[77.42560685052459,13.092423307585408]}"
940,3,"{""type"":""Point"",""coordinates"":[77.4725065876968,13.113522949421299]}"
941,3,"{""type"":""Point"",""coordinates"":[77.62142166476578,13.139955163745084]}"
946,3,"{""type"":""Point"",""coordinates"":[77.64801476716096,12.730706866330573]}"
947,3,"{""type"":""Point"",""coordinates"":[77.74368608195073,13.001316224381386]}"
948,3,"{""type"":""Point"",""coordinates"":[77.66834549385852,12.662947851117531]}"
950,3,"{""type"":""Point"",""coordinates"":[77.70524665282386,12.965494933148136]}"
951,3,"{""type"":""Point"",""coordinates"":[77.52929745513082,12.92351575776454]}"
953,3,"{""type"":""Point"",""coordinates"":[77.52329720697516,13.181976724260819]}"
954,3,"{""type"":""Point"",""coordinates"":[77.43318160015447,12.879736483398359]}"
955,3,"{""type"":""Point"",""coordinates"":[77.47156952715748,12.774522713043114]}"
956,3,"{""type"":""Point"",""coordinates"":[77.59252800897275,13.15342845586844]}"
967,3,"{""type"":""Point"",""coordinates"":[77.69661177481008,12.73985985452451]}"
968,3,"{""type"":""Point"",""coordinates"":[77.69430405950561,12.789477256811477]}"
969,3,"{""type"":""Point"",""coordinates"":[77.49538051520089,12.730806378326394]}"
972,3,"{""type"":""Point"",""coordinates"":[77.60718341426174,13.063233457666538]}"
973,3,"{""type"":""Point"",""coordinates"":[77.47547608756773,12.741735472386013]}"
974,3,"{""type"":""Point"",""coordinates"":[77.34552290757183,12.941739797221375]}"
975,3,"{""type"":""Point"",""coordinates"":[77.563843524927,13.157392623932008]}"
979,3,"{""type"":""Point"",""coordinates"":[77.76416011909166,12.83673277669202]}"
983,3,"{""type"":""Point"",""coordinates"":[77.59683731037384,13.174449249708491]}"
991,3,"{""type"":""Point"",""coordinates"":[77.52857575251862,13.155031812950714]}"
999,3,"{""type"":""Point"",""coordinates"":[77.49663077852239,12.832803968423278]}"
1001,3,"{""type"":""Point"",""coordinates"":[77.57172264346104,13.147673144949955]}"
1002,3,"{""type"":""Point"",""coordinates"":[77.38159117006488,12.908639084495691]}"
1008,3,"{""type"":""Point"",""coordinates"":[77.69377759137605,13.16692259183568]}"
1010,3,"{""type"":""Point"",""coordinates"":[77.75473629882764,12.92715284427331]}"
1011,3,"{""type"":""Point"",""coordinates"":[77.6778450297434,12.911299475817655]}"
1013,3,"{""type"":""Point"",""coordinates"":[77.66696198513391,13.095403391268807]}"
1014,3,"{""type"":""Point"",""coordinates"":[77.50780430280436,12.864405543187125]}"
1018,3,"{""type"":""Point"",""coordinates"":[77.46429933943311,12.841279390233465]}"
1022,3,"{""type"":""Point"",""coordinates"":[77.60168376602243,12.816555248865068]}"
1026,3,"{""type"":""Point"",""coordinates"":[77.63146159038172,12.860588244240395]}"
1031,3,"{""type"":""Point"",""coordinates"":[77.46800202646662,12.815149069022082]}"
1036,3,"{""type"":""Point"",""coordinates"":[77.6015094582862,12.67038827421324]}"
1037,3,"{""type"":""Point"",""coordinates"":[77.42204365659845,13.123288512625704]}"
1038,3,"{""type"":""Point"",""coordinates"":[77.7643557522986,12.826236890957173]}"
1039,3,"{""type"":""Point"",""coordinates"":[77.36397987983227,12.898320891389607]}"
1040,3,"{""type"":""Point"",""coordinates"":[77.63647349829776,12.697061653872051]}"
1041,3,"{""type"":""Point"",""coordinates"":[77.50326062418435,13.071390714558868]}"
1042,3,"{""type"":""Point"",""coordinates"":[77.79217594955587,12.821131526044022]}"
1045,3,"{""type"":""Point"",""coordinates"":[77.67306515232589,12.829635679207941]}"
1046,3,"{""type"":""Point"",""coordinates"":[77.40952355061947,12.89713335458534]}"
1048,3,"{""type"":""Point"",""coordinates"":[77.50549380363891,12.758321462862453]}"
1050,3,"{""type"":""Point"",""coordinates"":[77.60855762822123,12.817949800992475]}"
1052,3,"{""type"":""Point"",""coordinates"":[77.38954728967263,12.907376842277953]}"
1057,3,"{""type"":""Point"",""coordinates"":[77.64707100154209,13.087458432984475]}"
1058,3,"{""type"":""Point"",""coordinates"":[77.61237464645752,12.85029894742463]}"
1063,3,"{""type"":""Point"",""coordinates"":[77.74733289565424,12.770880591325723]}"
1064,3,"{""type"":""Point"",""coordinates"":[77.63473832533629,13.108522509999412]}"
1065,3,"{""type"":""Point"",""coordinates"":[77.75425010560124,12.977398844077973]}"
1067,3,"{""type"":""Point"",""coordinates"":[77.61546759720473,12.784878173666554]}"
1071,3,"{""type"":""Point"",""coordinates"":[77.45667324260563,12.93646231566607]}"
1072,3,"{""type"":""Point"",""coordinates"":[77.48357533041931,12.83278438328687]}"
1076,3,"{""type"":""Point"",""coordinates"":[77.38677062217093,12.886743231651364]}"
1079,3,"{""type"":""Point"",""coordinates"":[77.8167600490219,12.88066797990797]}"
1082,3,"{""type"":""Point"",""coordinates"":[77.78925533310256,12.901172280017184]}"
1084,3,"{""type"":""Point"",""coordinates"":[77.56087588896614,12.865111934145977]}"
1088,3,"{""type"":""Point"",""coordinates"":[77.42037972661647,13.101614522533348]}"
1093,3,"{""type"":""Point"",""coordinates"":[77.37612285387901,12.898642320485804]}"
1094,3,"{""type"":""Point"",""coordinates"":[77.4957677730052,13.211620043569424]}"
1096,3,"{""type"":""Point"",""coordinates"":[77.49864079437685,12.74780464884]}"
1098,3,"{""type"":""Point"",""coordinates"":[77.38772990878199,12.888816890569558]}"
1100,3,"{""type"":""Point"",""coordinates"":[77.60217258819335,12.720197254133241]}"
1101,3,"{""type"":""Point"",""coordinates"":[77.76039505644232,12.899388435136961]}"
1102,3,"{""type"":""Point"",""coordinates"":[77.54815534318882,12.793934830298511]}"
1103,3,"{""type"":""Point"",""coordinates"":[77.32737621432058,12.94623785548139]}"
1104,3,"{""type"":""Point"",""coordinates"":[77.63784487985484,12.712275820347376]}"
1108,3,"{""type"":""Point"",""coordinates"":[77.33039663574216,12.943699334724318]}"
1112,3,"{""type"":""Point"",""coordinates"":[77.75662115215098,12.983191941576269]}"
1115,3,"{""type"":""Point"",""coordinates"":[77.7505524905671,12.793583994920427]}"
1118,3,"{""type"":""Point"",""coordinates"":[77.44246131118256,13.077202493799955]}"
1128,3,"{""type"":""Point"",""coordinates"":[77.43012731856241,12.944131475009307]}"
1135,3,"{""type"":""Point"",""coordinates"":[77.73443754325015,12.802068353337914]}"
1136,3,"{""type"":""Point"",""coordinates"":[77.43356544924627,13.01202791903717]}"
1140,3,"{""type"":""Point"",""coordinates"":[77.56506981808941,13.018651990253856]}"
1141,3,"{""type"":""Point"",""coordinates"":[77.57541124142176,13.082601764244243]}"
1143,3,"{""type"":""Point"",""coordinates"":[77.6900636063022,12.803837880314163]}"
1144,3,"{""type"":""Point"",""coordinates"":[77.58735851238163,13.124458100846134]}"
1146,3,"{""type"":""Point"",""coordinates"":[77.53954642927097,12.80480582333079]}"
1150,3,"{""type"":""Point"",""coordinates"":[77.77626199733945,12.818737018122942]}"
1152,3,"{""type"":""Point"",""coordinates"":[77.50552533712833,12.743470806467897]}"
1153,3,"{""type"":""Point"",""coordinates"":[77.43769794570963,13.084757009188262]}"
1155,3,"{""type"":""Point"",""coordinates"":[77.72733656564633,12.806888992006389]}"
1158,3,"{""type"":""Point"",""coordinates"":[77.73518633103635,12.725826409810027]}"
1164,3,"{""type"":""Point"",""coordinates"":[77.66479300555916,13.10361241337282]}"
1165,3,"{""type"":""Point"",""coordinates"":[77.59361418981278,12.713489371201847]}"
1166,3,"{""type"":""Point"",""coordinates"":[77.63937474776341,12.69064639239438]}"
1167,3,"{""type"":""Point"",""coordinates"":[77.57286475517593,12.837226071135401]}"
1170,3,"{""type"":""Point"",""coordinates"":[77.4536091867115,13.026691617567783]}"
1176,3,"{""type"":""Point"",""coordinates"":[77.70454334569352,13.071013658302132]}"
1178,3,"{""type"":""Point"",""coordinates"":[77.39733566415867,13.040479226353616]}"
1181,3,"{""type"":""Point"",""coordinates"":[77.72307638599383,13.133016984621388]}"
1184,3,"{""type"":""Point"",""coordinates"":[77.40691483813114,12.893304128052469]}"
1187,3,"{""type"":""Point"",""coordinates"":[77.76450278029733,12.901350661934126]}"
1188,3,"{""type"":""Point"",""coordinates"":[77.63738435695855,13.191094392910271]}"
1189,3,"{""type"":""Point"",""coordinates"":[77.42285534584005,13.124155729470482]}"
1191,3,"{""type"":""Point"",""coordinates"":[77.37331981491354,12.997547797862971]}"
1192,3,"{""type"":""Point"",""coordinates"":[77.5908769206528,13.147921557903004]}"
1193,3,"{""type"":""Point"",""coordinates"":[77.36553041531852,12.958883087824002]}"
1194,3,"{""type"":""Point"",""coordinates"":[77.64308139552477,12.678376445326702]}"
1195,3,"{""type"":""Point"",""coordinates"":[77.4300726361007,12.99305808669377]}"
1197,3,"{""type"":""Point"",""coordinates"":[77.72315537197176,13.108957822062159]}"
1198,3,"{""type"":""Point"",""coordinates"":[77.6882434612511,12.856383704111428]}"
1200,3,"{""type"":""Point"",""coordinates"":[77.67631909316557,12.66238842284658]}"
1202,3,"{""type"":""Point"",""coordinates"":[77.73364039215214,12.716478564148318]}"
1207,3,"{""type"":""Point"",""coordinates"":[77.49607332053212,12.734594448405447]}"
1217,3,"{""type"":""Point"",""coordinates"":[77.70540932165585,12.732118497293396]}"
1221,3,"{""type"":""Point"",""coordinates"":[77.69646186333607,13.152212795598912]}"
1222,3,"{""type"":""Point"",""coordinates"":[77.3880073860339,12.941701864940535]}"
1223,3,"{""type"":""Point"",""coordinates"":[77.60847667910411,12.716584186744493]}"
1225,3,"{""type"":""Point"",""coordinates"":[77.43736595859403,13.143613388729063]}"
1226,3,"{""type"":""Point"",""coordinates"":[77.63887560295254,12.83428128328372]}"
1229,3,"{""type"":""Point"",""coordinates"":[77.46006074113699,12.90530122943111]}"
1233,3,"{""type"":""Point"",""coordinates"":[77.39103833504053,12.9162857187522]}"
1235,3,"{""type"":""Point"",""coordinates"":[77.7614439942662,12.834514141736513]}"
1238,3,"{""type"":""Point"",""coordinates"":[77.75855805245968,12.90288255376905]}"
1240,3,"{""type"":""Point"",""coordinates"":[77.35476902637878,12.902536797647869]}"
1246,3,"{""type"":""Point"",""coordinates"":[77.64264483868082,13.076630431449212]}"
1250,3,"{""type"":""Point"",""coordinates"":[77.76181510086776,12.739267956490966]}"
1251,3,"{""type"":""Point"",""coordinates"":[77.69885338889286,13.171756087774225]}"
1257,3,"{""type"":""Point"",""coordinates"":[77.40829728184578,13.012859567770034]}"
1259,3,"{""type"":""Point"",""coordinates"":[77.39500092476003,12.915172028349247]}"
1261,3,"{""type"":""Point"",""coordinates"":[77.36075394280319,12.91561590704791]}"
1262,3,"{""type"":""Point"",""coordinates"":[77.3583092718605,12.947491016442905]}"
1271,3,"{""type"":""Point"",""coordinates"":[77.61428445843133,12.677980844347681]}"
1275,3,"{""type"":""Point"",""coordinates"":[77.49121777758485,13.195434701689258]}"
1277,3,"{""type"":""Point"",""coordinates"":[77.74874619424774,13.035824280894687]}"
1278,3,"{""type"":""Point"",""coordinates"":[77.46818379584631,12.834791713262133]}"
1280,3,"{""type"":""Point"",""coordinates"":[77.53638962758755,13.114420283452624]}"
1282,3,"{""type"":""Point"",""coordinates"":[77.36203666175223,12.907290334027744]}"
1284,3,"{""type"":""Point"",""coordinates"":[77.63134407342656,13.145506713278966]}"
1289,3,"{""type"":""Point"",""coordinates"":[77.46112026889435,13.070184858505641]}"
1291,3,"{""type"":""Point"",""coordinates"":[77.76259153195606,12.912300705281822]}"
1293,3,"{""type"":""Point"",""coordinates"":[77.58451639291174,12.783273605835703]}"
1294,3,"{""type"":""Point"",""coordinates"":[77.44071691997546,12.91605424880236]}"
1295,3,"{""type"":""Point"",""coordinates"":[77.66246337562754,13.070570428336985]}"
1296,3,"{""type"":""Point"",""coordinates"":[77.50911971310754,12.892939246225366]}"
1297,3,"{""type"":""Point"",""coordinates"":[77.74750390792882,12.804209826385152]}"
1299,3,"{""type"":""Point"",""coordinates"":[77.52413967504914,12.838820685416888]}"
1300,3,"{""type"":""Point"",""coordinates"":[77.46077364163655,12.944306761172117]}"
1301,3,"{""type"":""Point"",""coordinates"":[77.633194151679,12.696789105393808]}"
1302,3,"{""type"":""Point"",""coordinates"":[77.56111371818987,13.20169189500673]}"
1303,3,"{""type"":""Point"",""coordinates"":[77.61403693862714,12.771056736175016]}"
1307,3,"{""type"":""Point"",""coordinates"":[77.70339218751644,12.680052605561528]}"
1308,3,"{""type"":""Point"",""coordinates"":[77.61106655425948,12.693737531035131]}"
1310,3,"{""type"":""Point"",""coordinates"":[77.76176175143438,12.794802469386328]}"
1313,3,"{""type"":""Point"",""coordinates"":[77.74423837822098,12.761117432401313]}"
1314,3,"{""type"":""Point"",""coordinates"":[77.62786305498139,13.186046831648783]}"
1317,3,"{""type"":""Point"",""coordinates"":[77.67657529087873,12.692125202874006]}"
1318,3,"{""type"":""Point"",""coordinates"":[77.76642573240593,12.903366893072757]}"
1319,3,"{""type"":""Point"",""coordinates"":[77.76677466815227,12.893501184798584]}"
1320,3,"{""type"":""Point"",""coordinates"":[77.37934275743997,12.88573756654181]}"
1322,3,"{""type"":""Point"",""coordinates"":[77.51604884606773,12.857596746698901]}"
1324,3,"{""type"":""Point"",""coordinates"":[77.48918934313767,12.87029283674338]}"
1328,3,"{""type"":""Point"",""coordinates"":[77.71638014387798,13.094918096094702]}"
