.geo,classification
"{""type"":""Point"",""coordinates"":[77.46454411480441,13.090617537274422]}",0
"{""type"":""Point"",""coordinates"":[77.6986949989267,12.840502940805298]}",0
"{""type"":""Point"",""coordinates"":[77.69883774938879,12.730710768263588]}",1
"{""type"":""Point"",""coordinates"":[77.48563785275056,13.096427938173028]}",1
"{""type"":""Point"",""coordinates"":[77.67494763440028,13.137914113827001]}",3
"{""type"":""Point"",""coordinates"":[77.44734456723401,13.101990517507508]}",3
"{""type"":""Point"",""coordinates"":[77.71353994039289,12.841280344962762]}",3
"{""type"":""Point"",""coordinates"":[77.54378974517819,13.019006588588661]}",0
"{""type"":""Point"",""coordinates"":[77.62875802542526,12.927615401881]}",1
"{""type"":""Point"",""coordinates"":[77.55851705587594,13.007284743985974]}",1
"{""type"":""Point"",""coordinates"":[77.518507639488,13.048493260291732]}",0
"{""type"":""Point"",""coordinates"":[77.5544818913798,12.986522724278856]}",0
"{""type"":""Point"",""coordinates"":[77.3861661323916,12.924226046513105]}",2
"{""type"":""Point"",""coordinates"":[77.39762053303738,12.872605100825272]}",3
"{""type"":""Point"",""coordinates"":[77.61984239589403,13.185090973156782]}",3
"{""type"":""Point"",""coordinates"":[77.40281496185892,12.919620452112314]}",0
"{""type"":""Point"",""coordinates"":[77.5031053388623,12.899718821507998]}",1
"{""type"":""Point"",""coordinates"":[77.5316866097553,13.098980773557535]}",3
"{""type"":""Point"",""coordinates"":[77.6589195517421,12.92925829088121]}",1
"{""type"":""Point"",""coordinates"":[77.40055333353293,12.98022087818757]}",3
"{""type"":""Point"",""coordinates"":[77.50723889945623,12.801944201950775]}",0
"{""type"":""Point"",""coordinates"":[77.68662161502573,12.949378868818714]}",3
"{""type"":""Point"",""coordinates"":[77.78962520484112,12.793782525512313]}",1
"{""type"":""Point"",""coordinates"":[77.6610952331798,12.919430845991675]}",1
"{""type"":""Point"",""coordinates"":[77.57859793734883,12.787702957271682]}",1
"{""type"":""Point"",""coordinates"":[77.58150185465145,12.924175465640593]}",0
"{""type"":""Point"",""coordinates"":[77.53787819855646,12.964388344007777]}",0
"{""type"":""Point"",""coordinates"":[77.79997325745121,12.859470003740332]}",0
"{""type"":""Point"",""coordinates"":[77.62612728318392,12.922208418893092]}",3
"{""type"":""Point"",""coordinates"":[77.73417704924776,12.811927671146695]}",0
"{""type"":""Point"",""coordinates"":[77.39702295145722,12.966988605873446]}",3
"{""type"":""Point"",""coordinates"":[77.67837827780266,12.81367382006661]}",0
"{""type"":""Point"",""coordinates"":[77.46843341381853,13.07192412788412]}",0
"{""type"":""Point"",""coordinates"":[77.72336767949248,12.820249729815462]}",1
"{""type"":""Point"",""coordinates"":[77.58491784928695,12.934495504365938]}",0
"{""type"":""Point"",""coordinates"":[77.41390481614329,12.909321581680512]}",3
"{""type"":""Point"",""coordinates"":[77.51037393256304,12.753184117839945]}",3
"{""type"":""Point"",""coordinates"":[77.48849405177256,12.903664607181256]}",1
"{""type"":""Point"",""coordinates"":[77.49127302363308,12.854386458054055]}",0
"{""type"":""Point"",""coordinates"":[77.53058305624691,12.800352966084242]}",3
"{""type"":""Point"",""coordinates"":[77.63552387416028,12.953610587119728]}",0
"{""type"":""Point"",""coordinates"":[77.38734227642902,13.0078000008867]}",1
"{""type"":""Point"",""coordinates"":[77.50284465970542,12.744526838098738]}",1
"{""type"":""Point"",""coordinates"":[77.49525208260688,13.04185437758525]}",3
"{""type"":""Point"",""coordinates"":[77.42845626494983,13.021609269785769]}",3
"{""type"":""Point"",""coordinates"":[77.5001265650519,13.177008741297906]}",1
"{""type"":""Point"",""coordinates"":[77.70699619624325,12.788105961112644]}",1
"{""type"":""Point"",""coordinates"":[77.68997197711401,12.845017998475072]}",0
"{""type"":""Point"",""coordinates"":[77.71157375505092,12.725278891174566]}",1
"{""type"":""Point"",""coordinates"":[77.59449985259569,12.819932121787138]}",1
"{""type"":""Point"",""coordinates"":[77.48421481000521,13.066544384582357]}",0
"{""type"":""Point"",""coordinates"":[77.55882292877439,12.922487252097431]}",1
"{""type"":""Point"",""coordinates"":[77.55441114784351,12.869250914933788]}",3
"{""type"":""Point"",""coordinates"":[77.76491920860896,12.825797882774]}",0
"{""type"":""Point"",""coordinates"":[77.56670716529587,13.06992972473764]}",0
"{""type"":""Point"",""coordinates"":[77.66820836864129,12.8463881033569]}",3
"{""type"":""Point"",""coordinates"":[77.60633445384248,12.743862717754379]}",3
"{""type"":""Point"",""coordinates"":[77.78675370854364,12.882326145229515]}",3
"{""type"":""Point"",""coordinates"":[77.61986995780744,12.98141843996714]}",2
"{""type"":""Point"",""coordinates"":[77.5750511675285,13.065925869382372]}",0
"{""type"":""Point"",""coordinates"":[77.57286923655155,12.990718939719137]}",0
"{""type"":""Point"",""coordinates"":[77.62796569395621,12.700595077776201]}",1
"{""type"":""Point"",""coordinates"":[77.63844297079575,12.968370806368348]}",0
"{""type"":""Point"",""coordinates"":[77.5805320433894,12.976834763712084]}",1
"{""type"":""Point"",""coordinates"":[77.73733241338002,12.996385406664128]}",0
"{""type"":""Point"",""coordinates"":[77.39751616151578,12.978396276774129]}",1
"{""type"":""Point"",""coordinates"":[77.46953340227311,13.055358915536985]}",0
"{""type"":""Point"",""coordinates"":[77.51270821314345,12.780174065885074]}",1
"{""type"":""Point"",""coordinates"":[77.69816796101568,13.073194297757212]}",1
"{""type"":""Point"",""coordinates"":[77.48545499323558,12.882591699427863]}",0
"{""type"":""Point"",""coordinates"":[77.6942125985494,12.76298377382353]}",0
"{""type"":""Point"",""coordinates"":[77.47098594500942,12.944934565547712]}",0
"{""type"":""Point"",""coordinates"":[77.68920498599485,12.968422634098989]}",0
"{""type"":""Point"",""coordinates"":[77.76004379633895,12.732139155595604]}",3
"{""type"":""Point"",""coordinates"":[77.53429571382998,12.914236120383318]}",0
"{""type"":""Point"",""coordinates"":[77.46691247900732,13.078246790136339]}",3
"{""type"":""Point"",""coordinates"":[77.63547956703516,12.989116241586428]}",3
"{""type"":""Point"",""coordinates"":[77.561170604746,13.173504829089897]}",0
"{""type"":""Point"",""coordinates"":[77.63390558853806,12.78079603182686]}",0
"{""type"":""Point"",""coordinates"":[77.74854668570352,12.764782888687972]}",3
"{""type"":""Point"",""coordinates"":[77.44702192972248,12.877917477424498]}",0
"{""type"":""Point"",""coordinates"":[77.65499782401164,13.01334155833465]}",0
"{""type"":""Point"",""coordinates"":[77.41302480544361,13.105968816596736]}",3
"{""type"":""Point"",""coordinates"":[77.52700318317062,12.765601949422301]}",1
"{""type"":""Point"",""coordinates"":[77.57020109207333,13.104823854915574]}",0
"{""type"":""Point"",""coordinates"":[77.76339177736556,12.910835253597345]}",3
"{""type"":""Point"",""coordinates"":[77.54830280656401,13.129486946269935]}",1
"{""type"":""Point"",""coordinates"":[77.34909209740206,12.92026369782032]}",0
"{""type"":""Point"",""coordinates"":[77.47919082094606,13.200222371423331]}",1
"{""type"":""Point"",""coordinates"":[77.73001342992234,12.956646857690169]}",0
"{""type"":""Point"",""coordinates"":[77.40771859912769,12.922075679853291]}",3
"{""type"":""Point"",""coordinates"":[77.63542619301406,12.80284777341592]}",3
"{""type"":""Point"",""coordinates"":[77.38675294930212,13.025789837008922]}",0
"{""type"":""Point"",""coordinates"":[77.5280672062616,12.900616765463006]}",0
"{""type"":""Point"",""coordinates"":[77.61538207887774,13.14465366187832]}",2
"{""type"":""Point"",""coordinates"":[77.62899419232424,13.166480474435623]}",0
"{""type"":""Point"",""coordinates"":[77.58859826952326,13.136688515546023]}",1
"{""type"":""Point"",""coordinates"":[77.59936718652604,12.895778210135544]}",0
"{""type"":""Point"",""coordinates"":[77.71038292727266,13.17873190883457]}",3
"{""type"":""Point"",""coordinates"":[77.66592104790794,13.147631938193774]}",3
"{""type"":""Point"",""coordinates"":[77.56656467847145,12.958825448193943]}",0
"{""type"":""Point"",""coordinates"":[77.53483874570858,12.971136072482174]}",0
"{""type"":""Point"",""coordinates"":[77.61705532150191,13.065843433881199]}",0
"{""type"":""Point"",""coordinates"":[77.55008237508346,12.911219634401759]}",0
"{""type"":""Point"",""coordinates"":[77.51826895549969,13.068843506271843]}",2
"{""type"":""Point"",""coordinates"":[77.75164759975992,12.784457926399163]}",0
"{""type"":""Point"",""coordinates"":[77.37783805125044,12.955120586437966]}",3
"{""type"":""Point"",""coordinates"":[77.60370070424459,13.073110348058204]}",0
"{""type"":""Point"",""coordinates"":[77.41313466462628,12.943974560355025]}",0
"{""type"":""Point"",""coordinates"":[77.66905099136983,12.95540923559321]}",0
"{""type"":""Point"",""coordinates"":[77.58022328238394,13.165923008474076]}",3
"{""type"":""Point"",""coordinates"":[77.43822788885755,12.826509955701347]}",0
"{""type"":""Point"",""coordinates"":[77.62511816612587,13.083285500030803]}",0
"{""type"":""Point"",""coordinates"":[77.60268130824666,12.975372093767875]}",0
"{""type"":""Point"",""coordinates"":[77.35702873562376,12.920119354382859]}",0
"{""type"":""Point"",""coordinates"":[77.41954904827729,12.96893164805311]}",0
"{""type"":""Point"",""coordinates"":[77.45401477938003,13.01769433897361]}",3
"{""type"":""Point"",""coordinates"":[77.32785089606743,12.967817215041014]}",1
"{""type"":""Point"",""coordinates"":[77.42679665008403,12.910621520992834]}",1
"{""type"":""Point"",""coordinates"":[77.61496151162363,13.05907016417518]}",2
"{""type"":""Point"",""coordinates"":[77.57445892232964,13.117617011883736]}",1
"{""type"":""Point"",""coordinates"":[77.5869717394402,12.902791819295567]}",0
"{""type"":""Point"",""coordinates"":[77.76073860918568,12.845165051212453]}",1
"{""type"":""Point"",""coordinates"":[77.56800804800187,12.977805966907482]}",0
"{""type"":""Point"",""coordinates"":[77.74000803635325,12.776373685480722]}",1
"{""type"":""Point"",""coordinates"":[77.66199993996771,13.09001935455867]}",0
"{""type"":""Point"",""coordinates"":[77.6452040245054,12.85062910501547]}",3
"{""type"":""Point"",""coordinates"":[77.55864733158113,13.158682727166337]}",0
"{""type"":""Point"",""coordinates"":[77.48564950764992,12.893386476265764]}",3
"{""type"":""Point"",""coordinates"":[77.70313563998424,12.969610839255227]}",0
"{""type"":""Point"",""coordinates"":[77.47115741380904,13.208471031354577]}",0
"{""type"":""Point"",""coordinates"":[77.59794035761607,12.89302112957713]}",0
"{""type"":""Point"",""coordinates"":[77.42136244733616,13.056506999893973]}",1
"{""type"":""Point"",""coordinates"":[77.37884162312415,12.886208914504984]}",0
"{""type"":""Point"",""coordinates"":[77.51123413688697,12.971557422847283]}",0
"{""type"":""Point"",""coordinates"":[77.51403732834441,12.971940061778788]}",0
"{""type"":""Point"",""coordinates"":[77.47100718695822,13.110579172754164]}",1
"{""type"":""Point"",""coordinates"":[77.50564534021927,12.801120616701674]}",0
"{""type"":""Point"",""coordinates"":[77.58187689461079,13.035733011478941]}",1
"{""type"":""Point"",""coordinates"":[77.55455223693588,12.8749373869878]}",0
"{""type"":""Point"",""coordinates"":[77.78140582990562,12.849096758982206]}",3
"{""type"":""Point"",""coordinates"":[77.67535823522142,13.149429796206938]}",3
"{""type"":""Point"",""coordinates"":[77.73259871120096,13.03988660832533]}",1
"{""type"":""Point"",""coordinates"":[77.49366700156175,13.139628613903891]}",1
"{""type"":""Point"",""coordinates"":[77.59955643012873,12.785912993241023]}",3
"{""type"":""Point"",""coordinates"":[77.71169427075192,12.728152479324459]}",0
"{""type"":""Point"",""coordinates"":[77.7153126005032,13.118117381647956]}",3
"{""type"":""Point"",""coordinates"":[77.7248630168914,13.079959340514542]}",1
"{""type"":""Point"",""coordinates"":[77.68701590874531,12.736468302128413]}",3
"{""type"":""Point"",""coordinates"":[77.50409678641121,12.755201973207322]}",1
"{""type"":""Point"",""coordinates"":[77.72100412816624,12.70562292324956]}",3
"{""type"":""Point"",""coordinates"":[77.70568944309385,12.992684256946017]}",0
"{""type"":""Point"",""coordinates"":[77.70709887165167,12.705306030423783]}",0
"{""type"":""Point"",""coordinates"":[77.6604074446134,12.748372834557786]}",1
"{""type"":""Point"",""coordinates"":[77.64602237661397,12.796844475572955]}",3
"{""type"":""Point"",""coordinates"":[77.76438096648086,13.017680088589628]}",0
"{""type"":""Point"",""coordinates"":[77.47556867351493,12.926014111735745]}",0
"{""type"":""Point"",""coordinates"":[77.57233828985078,13.083950112424965]}",1
"{""type"":""Point"",""coordinates"":[77.56154125293233,12.849899483566578]}",0
"{""type"":""Point"",""coordinates"":[77.41739419970891,13.113202829756291]}",3
"{""type"":""Point"",""coordinates"":[77.68442583136645,13.091031361645124]}",3
"{""type"":""Point"",""coordinates"":[77.52209123693898,13.160883780693004]}",0
"{""type"":""Point"",""coordinates"":[77.56819956939813,12.940864297140644]}",0
"{""type"":""Point"",""coordinates"":[77.52450320254506,12.88932899794294]}",1
"{""type"":""Point"",""coordinates"":[77.69510540315156,12.808456225685799]}",3
"{""type"":""Point"",""coordinates"":[77.73635780380123,12.78269044995458]}",0
"{""type"":""Point"",""coordinates"":[77.5494736036618,13.136205575213129]}",1
"{""type"":""Point"",""coordinates"":[77.68611781405454,12.766836083236669]}",0
"{""type"":""Point"",""coordinates"":[77.5449576358683,12.940375185641976]}",0
"{""type"":""Point"",""coordinates"":[77.71058661545509,12.805921383509538]}",1
"{""type"":""Point"",""coordinates"":[77.41221235586207,13.001978257899413]}",3
"{""type"":""Point"",""coordinates"":[77.76336102737181,12.88456086231142]}",3
"{""type"":""Point"",""coordinates"":[77.69317216536787,12.9555524261734]}",0
"{""type"":""Point"",""coordinates"":[77.55388759072959,12.903750752684434]}",0
"{""type"":""Point"",""coordinates"":[77.53863338197777,12.969175243561024]}",0
"{""type"":""Point"",""coordinates"":[77.69253070013785,12.85899326832316]}",3
"{""type"":""Point"",""coordinates"":[77.69278684630925,12.950978391622359]}",1
"{""type"":""Point"",""coordinates"":[77.6604332517483,12.770770506142776]}",3
"{""type"":""Point"",""coordinates"":[77.71634617902494,13.080049341892984]}",0
"{""type"":""Point"",""coordinates"":[77.72328078686512,12.720434720293804]}",0
"{""type"":""Point"",""coordinates"":[77.42060368444687,13.056285347853036]}",1
"{""type"":""Point"",""coordinates"":[77.62007300805026,13.09652250323142]}",3
"{""type"":""Point"",""coordinates"":[77.489372958081,12.736004810221958]}",0
"{""type"":""Point"",""coordinates"":[77.60450589603315,13.001766887109417]}",2
"{""type"":""Point"",""coordinates"":[77.73329752059628,12.90026288635012]}",3
"{""type"":""Point"",""coordinates"":[77.67161537010355,12.8292063570845]}",0
"{""type"":""Point"",""coordinates"":[77.45587596206934,12.845806338193839]}",1
"{""type"":""Point"",""coordinates"":[77.66462163121427,12.818470092092758]}",0
"{""type"":""Point"",""coordinates"":[77.50691957806819,12.913131840322794]}",0
"{""type"":""Point"",""coordinates"":[77.40576675304278,12.990429182500511]}",1
"{""type"":""Point"",""coordinates"":[77.43791852498697,13.018160300559801]}",3
"{""type"":""Point"",""coordinates"":[77.733949906138,12.922662544837904]}",0
"{""type"":""Point"",""coordinates"":[77.78273871162193,12.899641879909785]}",3
"{""type"":""Point"",""coordinates"":[77.70692807643923,13.122800958353274]}",3
"{""type"":""Point"",""coordinates"":[77.5511784952798,12.813310677324889]}",3
"{""type"":""Point"",""coordinates"":[77.43763606341967,12.818283232134332]}",1
"{""type"":""Point"",""coordinates"":[77.68909584933608,13.171295458594864]}",0
"{""type"":""Point"",""coordinates"":[77.64579306454412,13.099592061551926]}",1
"{""type"":""Point"",""coordinates"":[77.52245539755481,13.02418315435927]}",0
"{""type"":""Point"",""coordinates"":[77.66285382472498,12.957592894653946]}",0
"{""type"":""Point"",""coordinates"":[77.67375399454738,13.124518608577265]}",3
"{""type"":""Point"",""coordinates"":[77.40462207201526,12.930047327275895]}",3
"{""type"":""Point"",""coordinates"":[77.65335126095071,13.022103807208678]}",0
"{""type"":""Point"",""coordinates"":[77.49932980839564,13.127876118135802]}",3
"{""type"":""Point"",""coordinates"":[77.69632514732464,12.886398793461423]}",0
"{""type"":""Point"",""coordinates"":[77.43593455533416,12.828919058599089]}",3
"{""type"":""Point"",""coordinates"":[77.62513658224509,12.708443245184409]}",1
"{""type"":""Point"",""coordinates"":[77.61038560336162,13.031354691310955]}",0
"{""type"":""Point"",""coordinates"":[77.71173376338636,12.811351359965183]}",3
"{""type"":""Point"",""coordinates"":[77.58577853496482,12.795727954954874]}",2
"{""type"":""Point"",""coordinates"":[77.62055745706287,13.017573138113766]}",0
"{""type"":""Point"",""coordinates"":[77.56054684483223,13.07567878801749]}",0
"{""type"":""Point"",""coordinates"":[77.61793490719185,12.966914467970597]}",1
"{""type"":""Point"",""coordinates"":[77.77365875907851,12.895503449803394]}",3
"{""type"":""Point"",""coordinates"":[77.63960406768075,12.82356986752657]}",1
"{""type"":""Point"",""coordinates"":[77.64402820145675,13.065914698912373]}",0
"{""type"":""Point"",""coordinates"":[77.71853755659065,13.161770672212182]}",0
"{""type"":""Point"",""coordinates"":[77.53419934667403,13.142289052771952]}",3
"{""type"":""Point"",""coordinates"":[77.5533654035555,13.157810925942467]}",1
"{""type"":""Point"",""coordinates"":[77.71462156010402,12.755237481554582]}",0
"{""type"":""Point"",""coordinates"":[77.73321279292438,12.81300120660292]}",0
"{""type"":""Point"",""coordinates"":[77.64070157845929,13.002272457124754]}",0
"{""type"":""Point"",""coordinates"":[77.4534623431995,13.145702818913717]}",3
"{""type"":""Point"",""coordinates"":[77.58079323631281,13.140261571268908]}",3
"{""type"":""Point"",""coordinates"":[77.64630385858814,12.843613201634597]}",1
"{""type"":""Point"",""coordinates"":[77.56914200624645,12.709734936090973]}",3
"{""type"":""Point"",""coordinates"":[77.59675235198966,12.950300764762302]}",1
"{""type"":""Point"",""coordinates"":[77.70578848034283,13.1555169399195]}",3
"{""type"":""Point"",""coordinates"":[77.63587798697773,12.693551382418933]}",3
"{""type"":""Point"",""coordinates"":[77.40852414967917,12.875570762729936]}",3
"{""type"":""Point"",""coordinates"":[77.48485635834739,12.833644465629154]}",3
"{""type"":""Point"",""coordinates"":[77.63106683125892,12.882585357770274]}",0
"{""type"":""Point"",""coordinates"":[77.58812480903724,12.966874927824671]}",2
"{""type"":""Point"",""coordinates"":[77.65123135652752,13.133560187348063]}",0
"{""type"":""Point"",""coordinates"":[77.63929441638763,12.946868088347188]}",1
"{""type"":""Point"",""coordinates"":[77.64173747416271,12.842019994335441]}",3
"{""type"":""Point"",""coordinates"":[77.53402203399665,12.801907755499343]}",3
"{""type"":""Point"",""coordinates"":[77.43376704712367,12.852220666800099]}",3
"{""type"":""Point"",""coordinates"":[77.53078427288004,12.768181114123603]}",3
"{""type"":""Point"",""coordinates"":[77.60406365109542,13.061114452304547]}",0
"{""type"":""Point"",""coordinates"":[77.51837289479649,13.025118020681447]}",0
"{""type"":""Point"",""coordinates"":[77.62893628100072,12.676766698909633]}",1
"{""type"":""Point"",""coordinates"":[77.62611049225585,13.145978924033335]}",3
"{""type"":""Point"",""coordinates"":[77.42846622673086,12.861324066192227]}",1
"{""type"":""Point"",""coordinates"":[77.4341262164014,12.917532365197255]}",2
"{""type"":""Point"",""coordinates"":[77.7278247203802,12.934195197802458]}",0
"{""type"":""Point"",""coordinates"":[77.59568792440072,12.951515037705313]}",0
"{""type"":""Point"",""coordinates"":[77.38495484469243,13.058664878837174]}",1
"{""type"":""Point"",""coordinates"":[77.45264333281175,12.87479376634642]}",3
"{""type"":""Point"",""coordinates"":[77.47050594197542,13.071233062004369]}",3
"{""type"":""Point"",""coordinates"":[77.52344094989508,12.949696438503064]}",0
"{""type"":""Point"",""coordinates"":[77.75306734919435,12.779067225141382]}",3
"{""type"":""Point"",""coordinates"":[77.62558393393208,12.767657944568422]}",3
"{""type"":""Point"",""coordinates"":[77.64876930980203,13.012099663518944]}",0
"{""type"":""Point"",""coordinates"":[77.61424029335286,13.041691277821249]}",0
"{""type"":""Point"",""coordinates"":[77.5709994775376,13.171570301508025]}",0
"{""type"":""Point"",""coordinates"":[77.51928785535874,13.019855467683808]}",0
"{""type"":""Point"",""coordinates"":[77.63639503448934,12.796557259795804]}",1
"{""type"":""Point"",""coordinates"":[77.52304849263473,12.802493861374751]}",1
"{""type"":""Point"",""coordinates"":[77.3659065371867,12.8930506418354]}",3
"{""type"":""Point"",""coordinates"":[77.51005957850829,13.175871357441968]}",1
"{""type"":""Point"",""coordinates"":[77.3941053448697,12.919919564168804]}",0
"{""type"":""Point"",""coordinates"":[77.61636445179349,12.801513887911419]}",1
"{""type"":""Point"",""coordinates"":[77.63680954006561,12.914372377299218]}",0
"{""type"":""Point"",""coordinates"":[77.4624101622533,13.118715098102324]}",1
"{""type"":""Point"",""coordinates"":[77.51105939900114,12.843369459730416]}",0
"{""type"":""Point"",""coordinates"":[77.67958480693208,13.081615919134462]}",3
"{""type"":""Point"",""coordinates"":[77.43425206928266,13.046237571804053]}",3
"{""type"":""Point"",""coordinates"":[77.7634330995154,12.901163287906089]}",3
"{""type"":""Point"",""coordinates"":[77.58396644756249,12.884584237367035]}",0
"{""type"":""Point"",""coordinates"":[77.55696521118567,12.807528735423494]}",3
"{""type"":""Point"",""coordinates"":[77.67891641803767,13.152947245816298]}",3
"{""type"":""Point"",""coordinates"":[77.40268784299177,13.047528338267082]}",3
"{""type"":""Point"",""coordinates"":[77.5574262452205,12.932676692972484]}",0
"{""type"":""Point"",""coordinates"":[77.55688409631347,13.144423314554682]}",3
"{""type"":""Point"",""coordinates"":[77.67422476510527,12.941702674884382]}",3
"{""type"":""Point"",""coordinates"":[77.33892736588025,12.95849036147214]}",0
"{""type"":""Point"",""coordinates"":[77.60462565571892,13.148947816473697]}",3
"{""type"":""Point"",""coordinates"":[77.59588968713831,12.966324342968756]}",0
"{""type"":""Point"",""coordinates"":[77.56482187245143,12.808874408222724]}",0
"{""type"":""Point"",""coordinates"":[77.69689046359493,12.83398241320641]}",0
"{""type"":""Point"",""coordinates"":[77.5261788045225,12.901998283268131]}",1
"{""type"":""Point"",""coordinates"":[77.51300535919731,13.07678144937569]}",1
"{""type"":""Point"",""coordinates"":[77.4785830635494,12.959986440711745]}",1
"{""type"":""Point"",""coordinates"":[77.54413718721473,13.011507851260712]}",0
"{""type"":""Point"",""coordinates"":[77.41897607207132,13.143378044969712]}",0
"{""type"":""Point"",""coordinates"":[77.45051889748518,12.994879074646656]}",0
"{""type"":""Point"",""coordinates"":[77.49704463139899,12.940208516918437]}",0
"{""type"":""Point"",""coordinates"":[77.45123840092552,12.909893003251655]}",3
"{""type"":""Point"",""coordinates"":[77.7120327705866,12.765853359414772]}",0
"{""type"":""Point"",""coordinates"":[77.54194032516514,13.166721987038768]}",3
"{""type"":""Point"",""coordinates"":[77.61442375284524,13.096141628999671]}",1
"{""type"":""Point"",""coordinates"":[77.7373664214845,12.87207656087762]}",1
"{""type"":""Point"",""coordinates"":[77.4923911963914,13.211347842170413]}",0
"{""type"":""Point"",""coordinates"":[77.45187025560425,13.091819503807063]}",3
"{""type"":""Point"",""coordinates"":[77.73302665140778,13.007656728493105]}",0
"{""type"":""Point"",""coordinates"":[77.51071123917532,13.162431438188909]}",1
"{""type"":""Point"",""coordinates"":[77.40713226919826,12.887272127515898]}",1
"{""type"":""Point"",""coordinates"":[77.4958632793347,13.009021993108853]}",0
"{""type"":""Point"",""coordinates"":[77.73444100432074,12.992073619342928]}",1
"{""type"":""Point"",""coordinates"":[77.41895219049647,12.954966109638569]}",0
"{""type"":""Point"",""coordinates"":[77.4522772554038,12.966367980443323]}",3
"{""type"":""Point"",""coordinates"":[77.58331190697055,13.082134693208902]}",1
"{""type"":""Point"",""coordinates"":[77.68976493560801,13.048153629236522]}",2
"{""type"":""Point"",""coordinates"":[77.69141968838055,13.102719291654209]}",1
"{""type"":""Point"",""coordinates"":[77.55095627928777,12.947733864711026]}",0
"{""type"":""Point"",""coordinates"":[77.56129063144783,13.121257899395397]}",3
"{""type"":""Point"",""coordinates"":[77.4336462002741,13.040363574119219]}",3
"{""type"":""Point"",""coordinates"":[77.67863464051067,12.856855776141515]}",0
"{""type"":""Point"",""coordinates"":[77.67453260640667,12.654687218349796]}",0
"{""type"":""Point"",""coordinates"":[77.576875232172,12.919366856836435]}",0
"{""type"":""Point"",""coordinates"":[77.6530836325043,13.062502096550833]}",1
"{""type"":""Point"",""coordinates"":[77.32836997383016,12.955807137486767]}",3
"{""type"":""Point"",""coordinates"":[77.67887024189216,13.06653387447698]}",3
"{""type"":""Point"",""coordinates"":[77.60949278113962,12.83136557555113]}",0
"{""type"":""Point"",""coordinates"":[77.61109558975302,12.909885230135048]}",0
"{""type"":""Point"",""coordinates"":[77.46930470367643,12.857166974111475]}",3
"{""type"":""Point"",""coordinates"":[77.63235888768622,12.857246794237518]}",1
"{""type"":""Point"",""coordinates"":[77.37927600669147,13.001685960288125]}",3
"{""type"":""Point"",""coordinates"":[77.72878348022383,12.996033985077565]}",0
"{""type"":""Point"",""coordinates"":[77.46908139830178,12.90914900031847]}",3
"{""type"":""Point"",""coordinates"":[77.76547132021523,12.761224085009218]}",3
"{""type"":""Point"",""coordinates"":[77.65620924847228,12.724162330912826]}",1
"{""type"":""Point"",""coordinates"":[77.56736278731556,13.016837693951386]}",3
"{""type"":""Point"",""coordinates"":[77.35678443888614,12.904367679463903]}",3
"{""type"":""Point"",""coordinates"":[77.64483228901597,12.764508443837009]}",0
"{""type"":""Point"",""coordinates"":[77.39741265916848,12.884683567272438]}",1
"{""type"":""Point"",""coordinates"":[77.58407081424797,12.88163200253737]}",0
"{""type"":""Point"",""coordinates"":[77.68224240971858,13.01705289102195]}",0
"{""type"":""Point"",""coordinates"":[77.4173950327308,13.122806678823974]}",3
"{""type"":""Point"",""coordinates"":[77.76615479600095,12.773746038960356]}",0
"{""type"":""Point"",""coordinates"":[77.54696987873963,12.963429824055167]}",0
"{""type"":""Point"",""coordinates"":[77.7366084835744,12.764281520524712]}",3
"{""type"":""Point"",""coordinates"":[77.36398713008172,12.960389792674807]}",3
"{""type"":""Point"",""coordinates"":[77.63925904952102,12.997442013832217]}",1
"{""type"":""Point"",""coordinates"":[77.64705522515573,13.04502234460846]}",0
"{""type"":""Point"",""coordinates"":[77.75740209063422,13.044489608556965]}",0
"{""type"":""Point"",""coordinates"":[77.39758800065634,13.111727743424455]}",0
"{""type"":""Point"",""coordinates"":[77.7739128110962,12.804627265900022]}",3
"{""type"":""Point"",""coordinates"":[77.69500721463815,12.867135632411541]}",0
"{""type"":""Point"",""coordinates"":[77.6569180814754,12.939992969550048]}",0
"{""type"":""Point"",""coordinates"":[77.55261984171445,12.916046063935852]}",0
"{""type"":""Point"",""coordinates"":[77.49066487761378,13.023235809595583]}",1
"{""type"":""Point"",""coordinates"":[77.37291566375234,12.869692410207977]}",3
"{""type"":""Point"",""coordinates"":[77.67356887737321,12.713988595433749]}",3
"{""type"":""Point"",""coordinates"":[77.66571611560208,13.13492551123491]}",2
"{""type"":""Point"",""coordinates"":[77.57544379056706,13.038759333209036]}",0
"{""type"":""Point"",""coordinates"":[77.56589644213274,12.850438196796137]}",3
"{""type"":""Point"",""coordinates"":[77.73185386905286,12.77009788168282]}",3
"{""type"":""Point"",""coordinates"":[77.62309252017052,12.822063917564709]}",1
"{""type"":""Point"",""coordinates"":[77.6665792499682,12.776903990128474]}",3
"{""type"":""Point"",""coordinates"":[77.5425141673778,12.807369816076744]}",1
"{""type"":""Point"",""coordinates"":[77.6145163982501,13.16291049434558]}",1
"{""type"":""Point"",""coordinates"":[77.70565961980847,13.101855370296079]}",3
"{""type"":""Point"",""coordinates"":[77.51700793234953,12.843612986611573]}",0
"{""type"":""Point"",""coordinates"":[77.43537743701191,13.078671503310469]}",2
"{""type"":""Point"",""coordinates"":[77.60667093602147,13.10944736523591]}",0
"{""type"":""Point"",""coordinates"":[77.70804544139482,13.094366599916768]}",1
"{""type"":""Point"",""coordinates"":[77.77675223999225,12.74040590568274]}",0
"{""type"":""Point"",""coordinates"":[77.46917604036904,12.94988934753675]}",0
"{""type"":""Point"",""coordinates"":[77.64508214427208,12.68051612135207]}",1
"{""type"":""Point"",""coordinates"":[77.64782065628141,13.130984702514617]}",3
"{""type"":""Point"",""coordinates"":[77.62224349374883,12.765944861172661]}",1
"{""type"":""Point"",""coordinates"":[77.74622738347986,12.95879398036335]}",0
"{""type"":""Point"",""coordinates"":[77.67645286632491,12.786373239990183]}",3
"{""type"":""Point"",""coordinates"":[77.6870508119931,12.794450159796071]}",3
"{""type"":""Point"",""coordinates"":[77.51899005620209,13.142405959084256]}",3
"{""type"":""Point"",""coordinates"":[77.6450456106603,12.878060304341826]}",0
"{""type"":""Point"",""coordinates"":[77.72129228812017,13.015950893290366]}",0
"{""type"":""Point"",""coordinates"":[77.72903653173124,13.087926198096286]}",0
"{""type"":""Point"",""coordinates"":[77.66115906199937,12.802089942894385]}",0
"{""type"":""Point"",""coordinates"":[77.5303246697667,12.917129340749952]}",3
"{""type"":""Point"",""coordinates"":[77.7325318551682,13.04206946495594]}",3
"{""type"":""Point"",""coordinates"":[77.44976967329784,13.116511550282702]}",3
"{""type"":""Point"",""coordinates"":[77.56977498156118,13.115963757395718]}",3
"{""type"":""Point"",""coordinates"":[77.75891116024025,12.762353834106927]}",1
"{""type"":""Point"",""coordinates"":[77.45536007477054,12.990417509628589]}",0
"{""type"":""Point"",""coordinates"":[77.53583404908423,13.045503210521654]}",3
"{""type"":""Point"",""coordinates"":[77.50157115161862,12.863567219161874]}",1
"{""type"":""Point"",""coordinates"":[77.70957810364304,12.839608128331442]}",0
"{""type"":""Point"",""coordinates"":[77.41470893931809,13.001590928705605]}",0
"{""type"":""Point"",""coordinates"":[77.66515708765553,13.08809907659037]}",3
"{""type"":""Point"",""coordinates"":[77.58631083932879,13.162007549876597]}",3
"{""type"":""Point"",""coordinates"":[77.53809374053296,13.221538197519713]}",3
"{""type"":""Point"",""coordinates"":[77.65006129070677,12.803997038433861]}",3
"{""type"":""Point"",""coordinates"":[77.63467080607792,12.75732028653159]}",3
"{""type"":""Point"",""coordinates"":[77.45725821999157,12.802272420743906]}",3
"{""type"":""Point"",""coordinates"":[77.71281960983063,12.961168577586013]}",0
"{""type"":""Point"",""coordinates"":[77.71747796047737,12.899156562120174]}",3
"{""type"":""Point"",""coordinates"":[77.57679999256409,13.138589662450245]}",2
"{""type"":""Point"",""coordinates"":[77.44809485298528,13.151875927593991]}",0
"{""type"":""Point"",""coordinates"":[77.54818126789127,12.823902644957412]}",3
"{""type"":""Point"",""coordinates"":[77.69407129206795,13.145275003319592]}",1
"{""type"":""Point"",""coordinates"":[77.73782656722686,12.849569690741063]}",0
"{""type"":""Point"",""coordinates"":[77.57773728765076,13.068179978526464]}",0
"{""type"":""Point"",""coordinates"":[77.39593518244865,12.924048001290531]}",3
"{""type"":""Point"",""coordinates"":[77.74790828220966,12.709614187909898]}",3
"{""type"":""Point"",""coordinates"":[77.74352341344385,12.995810643376812]}",0
"{""type"":""Point"",""coordinates"":[77.41629690265425,12.925958716837687]}",3
"{""type"":""Point"",""coordinates"":[77.57221081957103,13.003137961912365]}",0
"{""type"":""Point"",""coordinates"":[77.67121227158091,12.96449990574691]}",0
"{""type"":""Point"",""coordinates"":[77.77162498821451,12.865598552496598]}",0
"{""type"":""Point"",""coordinates"":[77.49185128966897,13.02426266085015]}",1
"{""type"":""Point"",""coordinates"":[77.55919761680654,12.81385869111575]}",1
"{""type"":""Point"",""coordinates"":[77.48877705171068,12.886613430772893]}",0
"{""type"":""Point"",""coordinates"":[77.51238432386721,12.756620119840331]}",3
"{""type"":""Point"",""coordinates"":[77.51006886907982,12.843873832444203]}",0
"{""type"":""Point"",""coordinates"":[77.69481080820017,13.166662563442644]}",3
"{""type"":""Point"",""coordinates"":[77.58332299348996,13.085607699431]}",2
"{""type"":""Point"",""coordinates"":[77.61128096798866,12.828706083807424]}",1
"{""type"":""Point"",""coordinates"":[77.63689239337066,13.123853232771411]}",3
"{""type"":""Point"",""coordinates"":[77.56941570876843,13.172077751059435]}",0
"{""type"":""Point"",""coordinates"":[77.52820888639656,13.20984335566321]}",3
"{""type"":""Point"",""coordinates"":[77.61691171899085,13.061819494459508]}",0
"{""type"":""Point"",""coordinates"":[77.48310046947317,13.128742818706915]}",1
"{""type"":""Point"",""coordinates"":[77.61265484616825,12.674337336031883]}",0
"{""type"":""Point"",""coordinates"":[77.37105859921752,12.926962660617168]}",3
"{""type"":""Point"",""coordinates"":[77.72733766737136,12.785864906920354]}",1
"{""type"":""Point"",""coordinates"":[77.49921122917115,12.937141277561436]}",1
"{""type"":""Point"",""coordinates"":[77.58772168923467,13.127545619936289]}",0
"{""type"":""Point"",""coordinates"":[77.69534317153999,12.785090895942275]}",3
"{""type"":""Point"",""coordinates"":[77.80365275901069,12.843795321832076]}",1
"{""type"":""Point"",""coordinates"":[77.57006366804224,13.023968847291775]}",1
"{""type"":""Point"",""coordinates"":[77.4018307836538,13.059580234266432]}",3
"{""type"":""Point"",""coordinates"":[77.56305024305993,12.858376311238082]}",0
"{""type"":""Point"",""coordinates"":[77.7393539160582,12.987585831378963]}",0
"{""type"":""Point"",""coordinates"":[77.5998324683699,12.70615628268486]}",3
"{""type"":""Point"",""coordinates"":[77.68375888367183,13.124727993821839]}",3
"{""type"":""Point"",""coordinates"":[77.507163255311,13.010857130848448]}",0
"{""type"":""Point"",""coordinates"":[77.70261860792654,12.695485367983828]}",3
"{""type"":""Point"",""coordinates"":[77.5543015858728,12.881540389972853]}",3
"{""type"":""Point"",""coordinates"":[77.48770779510446,13.04920872019745]}",0
"{""type"":""Point"",""coordinates"":[77.63428317837403,12.772980907909098]}",0
"{""type"":""Point"",""coordinates"":[77.72560455943609,12.738961725502255]}",3
"{""type"":""Point"",""coordinates"":[77.59340390485964,12.863303298756954]}",0
"{""type"":""Point"",""coordinates"":[77.44724730301941,13.009950068682624]}",1
"{""type"":""Point"",""coordinates"":[77.66807945547072,13.165499524695063]}",0
"{""type"":""Point"",""coordinates"":[77.63305760812021,13.17886019287614]}",0
"{""type"":""Point"",""coordinates"":[77.74678567432065,13.023304846470904]}",0
"{""type"":""Point"",""coordinates"":[77.66470724792539,13.064102144720596]}",0
"{""type"":""Point"",""coordinates"":[77.75696351431749,12.919163363669329]}",3
"{""type"":""Point"",""coordinates"":[77.48786979660889,13.10054804116838]}",1
"{""type"":""Point"",""coordinates"":[77.53737938667291,12.87376546950646]}",0
"{""type"":""Point"",""coordinates"":[77.73928740148196,12.892147179524928]}",0
"{""type"":""Point"",""coordinates"":[77.52224382840627,12.996926468087707]}",0
"{""type"":""Point"",""coordinates"":[77.42996418059636,12.818093351949054]}",0
"{""type"":""Point"",""coordinates"":[77.40946019879001,12.911452698511313]}",0
"{""type"":""Point"",""coordinates"":[77.715830331017,12.70645869536864]}",3
"{""type"":""Point"",""coordinates"":[77.65356678934855,13.02512666840999]}",0
"{""type"":""Point"",""coordinates"":[77.56502901572411,13.101144743540967]}",0
"{""type"":""Point"",""coordinates"":[77.42963761918985,12.920731977785918]}",0
"{""type"":""Point"",""coordinates"":[77.46213087769904,12.842576592171113]}",3
"{""type"":""Point"",""coordinates"":[77.59513199396663,12.909419920079449]}",1
"{""type"":""Point"",""coordinates"":[77.47428046969803,13.092773723581697]}",3
"{""type"":""Point"",""coordinates"":[77.57333284928524,12.732883357653227]}",1
"{""type"":""Point"",""coordinates"":[77.72802788742001,12.713137969318078]}",3
"{""type"":""Point"",""coordinates"":[77.4112687693099,13.0382686686743]}",3
"{""type"":""Point"",""coordinates"":[77.57622589571771,13.021272953058329]}",0
"{""type"":""Point"",""coordinates"":[77.43672703225499,13.00977810300982]}",3
"{""type"":""Point"",""coordinates"":[77.69243302071767,12.835939599738051]}",0
"{""type"":""Point"",""coordinates"":[77.59123188576282,13.067841620715454]}",0
"{""type"":""Point"",""coordinates"":[77.81592114896202,12.891000304816654]}",3
"{""type"":""Point"",""coordinates"":[77.47629276124096,12.801359248964374]}",3
"{""type"":""Point"",""coordinates"":[77.70244607987395,12.91826934526537]}",1
"{""type"":""Point"",""coordinates"":[77.63785752805242,12.857369205894638]}",3
"{""type"":""Point"",""coordinates"":[77.58831912561166,12.65113340029175]}",3
"{""type"":""Point"",""coordinates"":[77.6926007591078,12.81652866449481]}",3
"{""type"":""Point"",""coordinates"":[77.49763904426136,13.165766928489242]}",1
"{""type"":""Point"",""coordinates"":[77.46416489633164,13.031464716423057]}",0
"{""type"":""Point"",""coordinates"":[77.47919514871039,12.834748026224052]}",3
"{""type"":""Point"",""coordinates"":[77.5736540756198,12.994013091690846]}",0
"{""type"":""Point"",""coordinates"":[77.73807082183336,12.799766464598]}",1
"{""type"":""Point"",""coordinates"":[77.71138710522428,13.009541320813042]}",0
"{""type"":""Point"",""coordinates"":[77.5139726367781,12.881831487135239]}",0
"{""type"":""Point"",""coordinates"":[77.46436113584423,13.023303038314943]}",3
"{""type"":""Point"",""coordinates"":[77.41576402889964,13.139232287033167]}",3
"{""type"":""Point"",""coordinates"":[77.64097651047136,12.771544627789226]}",0
"{""type"":""Point"",""coordinates"":[77.44579272445725,12.84500147003778]}",3
"{""type"":""Point"",""coordinates"":[77.63618947313248,12.97394149924759]}",0
"{""type"":""Point"",""coordinates"":[77.65795471982527,12.99993890305025]}",1
"{""type"":""Point"",""coordinates"":[77.7036326047199,12.990483842359662]}",1
"{""type"":""Point"",""coordinates"":[77.50403574374134,12.92727719574777]}",0
"{""type"":""Point"",""coordinates"":[77.563684293591,12.963695618534747]}",1
"{""type"":""Point"",""coordinates"":[77.74197564116392,13.047599815640222]}",3
"{""type"":""Point"",""coordinates"":[77.64283307371791,12.770353456194567]}",0
"{""type"":""Point"",""coordinates"":[77.57177216550564,12.725580346648414]}",3
"{""type"":""Point"",""coordinates"":[77.6460120548663,12.72575089068786]}",3
"{""type"":""Point"",""coordinates"":[77.4568873196752,12.846996930345794]}",1
"{""type"":""Point"",""coordinates"":[77.41277179803866,13.092555242882161]}",0
"{""type"":""Point"",""coordinates"":[77.55043266086103,12.91834198591987]}",0
"{""type"":""Point"",""coordinates"":[77.75009361676447,13.063605840749862]}",0
"{""type"":""Point"",""coordinates"":[77.38108320841691,13.00772551652418]}",3
"{""type"":""Point"",""coordinates"":[77.48483394824878,13.002782251007188]}",0
"{""type"":""Point"",""coordinates"":[77.66672085657733,12.780743255037708]}",2
"{""type"":""Point"",""coordinates"":[77.51620891948296,13.076756751466847]}",0
"{""type"":""Point"",""coordinates"":[77.55824430487165,13.041762485421286]}",0
"{""type"":""Point"",""coordinates"":[77.70053390914272,12.969575208727216]}",3
"{""type"":""Point"",""coordinates"":[77.52917448492464,13.152552202908884]}",3
"{""type"":""Point"",""coordinates"":[77.67246435914778,12.854737751646578]}",0
"{""type"":""Point"",""coordinates"":[77.43864207210173,12.826632938001039]}",3
